id,nome
1,Jonathan
2,Emelia Mantrup
3,Igor Vanichev
4,Ludovico Gorwood
5,Sherman Seivwright
6,Jayme Begent
7,Randell Seddon
8,Elfrieda Pendergast
9,Alonzo Antoniazzi
10,Dido Clausner
11,Quinta Besque
12,Shari Bartles
13,Walsh Cholonin
14,Fidel Cawley
15,Gottfried O'Scollain
16,Clay Alker
17,Trina Braisted
18,Graehme Kitchen
19,Roddie Joontjes
20,Skylar Calvey
21,Lazar Melley
22,Luce Matterdace
23,Augustin Cliburn
24,Myrtle Addeycott
25,Florie Alyonov
26,Marj Eborall
27,Daren Nosworthy
28,Ainsley Ellerby
29,Geordie Janczewski
30,Juliann Larcier
31,Amelie Djurisic
32,Anatola Kerfut
33,Virgina Hancill
34,Thom Maidstone
35,Val Kezar
36,Giles Dowears
37,Binky Thomtson
38,Aldis Monkley
39,Esme Scotford
40,Roxie Cammacke
41,Cristine Fishlee
42,Jacky Eykel
43,Concordia Creak
44,Shae Waddy
45,Bonni Pogson
46,Leigh Simioni
47,Gerrard Dewsnap
48,Georgine Cornelleau
49,Gates Fewless
50,Hamid Wychard
51,Ibbie Scarborough
52,Tiebout Curnick
53,Tabina Rowlands
54,Vincenz Duxbarry
55,Laughton Liver
56,Myrtie Cyphus
57,Ervin Shieldon
58,Marie-ann Asquith
59,Lorinda Sybe
60,Esmeralda Kimmins
61,Byrann Willsmore
62,Guthry Bluck
63,Netty Brownstein
64,Nichol Thaxter
65,Beaufort Titcombe
66,Glyn Yuryichev
67,Em Kybert
68,Abran Pendred
69,Gunter Wederell
70,Claudianus Keddey
71,Leanor Aronovitz
72,Suki Gergus
73,Dael Wines
74,Claire Alman
75,Emmalyn Coniam
76,Evelyn Espadas
77,Anjanette Petrelli
78,Bat Benting
79,Valdemar Swash
80,Selby Elijahu
81,Brewer Abbotts
82,Garvy Brauner
83,Ericha Marklew
84,Kevyn Gallaher
85,Coral Dymott
86,Berry Deverell
87,Nariko Leyshon
88,Mord Dimitru
89,Magda Austwick
90,Datha Shotbolt
91,Barbara Sowray
92,Devora Frickey
93,Annamaria Malek
94,Chanda Markovic
95,Verge McCaughey
96,Phedra Scotney
97,Lizzy Grunbaum
98,Letti Hendrichs
99,Mikaela Alvis
100,Clemmy Zanassi
101,Lorenza Klimentyonok
102,Rhianon Livezley
103,Miner Van der Brug
104,Jerry Dunn
105,Jocko Maleck
106,Brietta Wrotham
107,Malynda Hannum
108,Chevy Mattys
109,Richart Rennard
110,Phaedra Beernaert
111,Madalena Girard
112,Jada Sculley
113,Bennett Plascott
114,Anjanette Temporal
115,Moishe Halliburton
116,Pier Myring
117,Lowell Jovis
118,Loreen Grieve
119,Chrysa Busst
120,Addie Evelyn
121,Nikoletta Fossord
122,Bronnie Saylor
123,Curt Wilsee
124,Arabella Bertomeu
125,Lorain Meldon
126,Peria Kener
127,Tarra Jellman
128,Sue Ceschelli
129,Jodi Nuzzi
130,Constancy Rich
131,Berkly Garnham
132,Monique Ferrant
133,Jacqueline Entwisle
134,Chariot Hanaford
135,Haleigh Dannel
136,Garreth Larmuth
137,Fancy Baise
138,Jillie Wilshin
139,Eliot Border
140,Lars Attwool
141,Chelsey Raybould
142,Misty Fallowfield
143,Ddene Tompkiss
144,Kaylil Betho
145,Roger Ackwood
146,Prudy Cribbott
147,Lark Gibling
148,Ian Siehard
149,Keenan Paffot
150,Pier McCalum
151,Kassandra Fluin
152,Consolata Lantaff
153,Mary Cockren
154,Shelbi Lucy
155,Erasmus Rolston
156,Margit Brinkworth
157,Maggi Matyugin
158,Casey Farenden
159,Zaria Fley
160,Corena Skelding
161,Sapphira Corwin
162,Rosa Groveham
163,Deloris Hakes
164,Honor Galway
165,Orlan Chittock
166,Lyndy Whartonby
167,Sari Yarham
168,Rowan Mollin
169,Stanislaus Poure
170,Skylar Hawick
171,Sheena Mayler
172,Adoree Duggan
173,Hedwig Meade
174,Vittoria Skilton
175,Lezley Isaacson
176,Joycelin Vosse
177,Creight Robet
178,Hayyim Oakenfull
179,Maritsa De Dantesie
180,Sly Cosgriff
181,Abbi Lantaff
182,Wildon Lambirth
183,Hamlen Sambidge
184,Gaultiero Calladine
185,Dee dee Husby
186,Miguelita Stell
187,Rhett Di Bartolommeo
188,Valina Elstub
189,Ibrahim Colbourne
190,Caldwell Simnell
191,Verney Shiels
192,Zuzana Waddie
193,Charita Guilaem
194,Parry Chastel
195,Thaddeus Ayree
196,Orsola Mosdill
197,Ralph Frances
198,Walt Lurcock
199,Catlee McKmurrie
200,Franzen Bossel
201,Timmi Hayhow
202,Sarette Detheridge
203,Dena Bursnall
204,Mireielle Goldwater
205,Justis Rhodef
206,Devi Jakeman
207,Lenette Perett
208,Oralle Bailess
209,Avram Glidder
210,Silvie Smallpeice
211,Hill Chanders
212,Perrine Scholig
213,Christal Bursnoll
214,Lefty Cheverton
215,Neddy Thick
216,Daryle Bonifazio
217,George Bisacre
218,Mable Tilliards
219,Clarke Martusewicz
220,Cherish Miskelly
221,Bette Ledwitch
222,Shelbi Wisniewski
223,Sax Easlea
224,Waverley Tortoise
225,Masha Churchin
226,Ammamaria Hanhart
227,Bennett Himsworth
228,Torre Densham
229,Roxine Carp
230,Molly Danilin
231,Bonita Martinot
232,Sigvard Moorcroft
233,Kassi Scinelli
234,Ruthann Sanger
235,Umeko Scarth
236,Olympia Dupree
237,Karita Wellfare
238,Vilma Stratz
239,Maggee Danilewicz
240,Anni Petrolli
241,Halsy Lujan
242,Shoshanna Auckland
243,Lyndel Cleminson
244,Layne Mayhou
245,Gib Lawrenson
246,Hailey Beddoes
247,Regen Boddam
248,Llywellyn Burford
249,Cristina Hadkins
250,Letisha Lyon
251,Robby Eneas
252,Vernon Millyard
253,Lucy Layzell
254,Janelle Newlyn
255,Ario Bielfeldt
256,Doti Gapper
257,Eveleen Fruchter
258,Brendon Broader
259,Clementina Jerrold
260,Lyell Raddon
261,Bartholomeo Bolver
262,Barbey Dyke
263,Marcel Haysman
264,Alvin Profit
265,Brose Yeiles
266,Lyda Casely
267,Ernestine Quogan
268,Alfons Crowther
269,Ingram Tankus
270,Aaron Cosh
271,Bret Wharram
272,Sander Loveguard
273,Maddy MacFadzan
274,Klarrisa Ayton
275,Rhianon Pelerin
276,Ranna Dockrey
277,Maurizia Gianullo
278,Herc Moland
279,Marje Windram
280,Grady Pendrid
281,Kaitlin Arter
282,Bonny de Voiels
283,Brear Playle
284,Sayer Carah
285,Sherwood Verbrugghen
286,Karol Knottley
287,Jacenta Eck
288,Benn Yeude
289,Mollie Starford
290,Theodora Town
291,Dinnie Laird
292,Melisent Welburn
293,Gustie Grayston
294,Celeste Hillhouse
295,Tibold Sorro
296,Alica Winthrop
297,Artemas Ellick
298,Electra Matz
299,Abraham Bonhan
300,Darrell Girhard
301,Pierrette MacLucais
302,Park Poel
303,Angil Castella
304,Thomas Leverage
305,Suzann Quinell
306,Juliette Pragnell
307,Georgette Rutherforth
308,Verile Glynne
309,Damiano Turfrey
310,Benita Farron
311,Nicky Shepton
312,Wilt Schultze
313,Sunny Hyman
314,Page Cancutt
315,Rozalin Prendergrast
316,Ad Mazzilli
317,Douglas Domesday
318,Pearce Kirrens
319,Melany Sparway
320,Laural Smallsman
321,Dirk Padmore
322,Katrinka Teaze
323,Allison Bestiman
324,Percy Georgius
325,Murvyn Rummer
326,Cam Boatwright
327,Holden Moss
328,Levey Pratty
329,Reinold Szepe
330,Kelli Huckel
331,Ernest Burdess
332,Renelle Rummings
333,Carlie Chomicz
334,Avril Brilleman
335,Crichton Rubenczyk
336,Syman Vernon
337,Demetrius Snoxell
338,Hyacinthia Kurton
339,Dasha Hurley
340,Rutter Sproson
341,Stanislaw Hirth
342,Dalton MacShirrie
343,Heriberto Folkerd
344,Rochette Vasentsov
345,Jania Lehrmann
346,Adolf Furlow
347,Griffin Goney
348,Paddy Louw
349,Milo Halpeine
350,Arlena Brendeke
351,Ivett Dobkin
352,Cornelia Kilgrew
353,Ikey Lowthorpe
354,Talbot Youthed
355,Gallagher Ainscow
356,Gwenneth Winspear
357,Emeline Wyss
358,Cordie Thaller
359,Margarita Bourne
360,Filberto Zarfai
361,Curt Doerffer
362,Eduino McMahon
363,Nerte Vannacci
364,Gratia Creffield
365,Harman Clendening
366,Leta Dana
367,Lulita Keningham
368,Phylys Anderson
369,Gerrard Rosi
370,Bambi Ellwell
371,Stace Haston
372,Eadmund Sillick
373,Odell Bold
374,Lura Streetley
375,Sylas Petre
376,Axel Mugleston
377,Frieda O'Heffernan
378,Basilio Firks
379,Gisele Pethrick
380,Rollie Avard
381,Abbot Clulow
382,Bald Burdett
383,Briano Doerling
384,Aeriela Arundel
385,Lorry Kulic
386,Sallie Beggini
387,Penn Aitchison
388,Demetria Oram
389,Shanta Kenningham
390,Filmore Andreas
391,Artemas Hartill
392,Karie Dreier
393,Lainey Fittis
394,Jess Laneham
395,Aeriela Doubleday
396,Verla Gault
397,Alexandrina Baxstar
398,Judon Dowey
399,Annabelle Abbess
400,Madlen Works
401,Niccolo MacNab
402,Pepito Belly
403,Gilly Ortzen
404,Lauretta Purdon
405,Birk McOrkil
406,Vonnie Takkos
407,Cyrillus McLaggan
408,Delly Gearing
409,Page Pairpoint
410,Morgan Pizzie
411,Cairistiona Pilkinton
412,Rodge Cressey
413,Meriel Easom
414,Rebecka Jarrel
415,Adriane Pittson
416,Tailor Bracegirdle
417,Mikkel Jacobsohn
418,Godiva Carnduff
419,Mathias Semken
420,Pieter Mapholm
421,Hew Craisford
422,Rodolfo Sheers
423,Wanids Buttner
424,Lotta Aldrin
425,Tiffi Colbridge
426,Anet Fosdick
427,Dirk Dumbrall
428,Annabelle Dietz
429,Agace Hefferon
430,Cyndie Meni
431,Zedekiah McAnalley
432,Dorian Pogue
433,Karia Ambrodi
434,Micki Leedes
435,Johnnie Urch
436,Lizzy Tuckey
437,Livvy Dodman
438,Randie Bryer
439,Arabel Hartup
440,Jehu Longridge
441,Buckie Steffan
442,Dee dee Brisley
443,Sid MacLise
444,Durward Lefwich
445,Jeannie Thal
446,Mervin Pilch
447,Asia Sehorsch
448,Sheffie Bloy
449,Joey Doerr
450,Beauregard Shevelin
451,Teirtza Aiken
452,Marie-ann Sainthill
453,Carl McCully
454,Bria Roughan
455,Jannel Goulding
456,Tobe Sommerville
457,Ibrahim Prendiville
458,Baxie Labusquiere
459,Delmar Fabbri
460,Sydney Lewinton
461,Hamish Staining
462,Ax Dymick
463,Niles Routh
464,Tandi MacCleod
465,Stesha Hatfield
466,Wynnie Sharnock
467,Jacinta Mussalli
468,Phyllida Shawe
469,Redford Epdell
470,Saudra Malpas
471,Dani Beastall
472,Doris Baughen
473,Lucia Voak
474,Joyan Natalie
475,Ileane Valti
476,Giorgi Orrin
477,Marve Spon
478,Ethel Mardee
479,Adolpho Gimber
480,Vaughan McBean
481,Chip Debrick
482,Tulley Gristock
483,Eugene Ahrens
484,Gabriela Critzen
485,Marillin Peers
486,Guillema Abernethy
487,Salomi Trodler
488,Denys Batterbee
489,Raff Mokes
490,Mahmoud Treweke
491,Orson Vahey
492,Thedrick Baudinet
493,Margery Nayshe
494,Omar Cuttell
495,Maynard Porch
496,Roldan Feron
497,Ranice Mayling
498,Corbie Skelding
499,West Dysart
500,Perkin Simonassi
501,Barby Edgin
502,Chad Carlyon
503,Giffy Mulcock
504,Juditha Minichillo
505,Ardys Lyman
506,Mercie Diche
507,Davin Riccard
508,Babette O'Neal
509,Austina Norvel
510,Phyllida Creigan
511,Timmie Ronan
512,Lauree Harburtson
513,Sal Mowat
514,Vinny Plant
515,Herrick Weatherup
516,Violet Fobidge
517,Helaine Tanguy
518,Trudy Curlis
519,Caddric Hann
520,Wallis Ind
521,Richart Swendell
522,Rriocard Eadie
523,Bing Moutray Read
524,Stearn Aronowitz
525,Ellie Petrasek
526,Sylvester Stollenbeck
527,Renaud Le Gallo
528,Candra Benedikt
529,Cynthy Gethouse
530,Tressa Jakeman
531,Kelcie Martignoni
532,Winna Eldredge
533,Annabelle Fowlestone
534,Tessy Marten
535,Ethelbert Priddy
536,Kissie Giacomelli
537,Reinold Drivers
538,Evangelina Corryer
539,Giovanna Golden of Ireland
540,Melinda Hollow
541,Noelyn Duddin
542,Carmel Stratz
543,Kathy Godlip
544,Pierette Tiffney
545,Benn Marcum
546,Nathanil Macieiczyk
547,Eamon Lowne
548,Cassy Mogg
549,Aindrea Ambrodi
550,Moses Crutchley
551,Eddy Sprade
552,Olimpia Clarae
553,Tatiana Domnick
554,Arnie Mathiot
555,Chadd Fanshaw
556,Catlaina Chimienti
557,Cristabel Sillito
558,Mehetabel Divver
559,Sophronia Ricardet
560,Doralynn Flintoffe
561,Abagail Domico
562,Fan Killough
563,Caldwell Thiese
564,Thorny Blackmore
565,Gertrudis Cornuau
566,Cosimo Bygreaves
567,Bobby Esposito
568,Nichol Phizackarley
569,Brandais Stiff
570,Eward Wasson
571,Laird Tapley
572,Port Trower
573,Raddie Merritt
574,Elwin Bollon
575,Diann Treadwell
576,Serena Blumson
577,Corty O'Heaney
578,Lani Barbe
579,Judi Penhall
580,Ernie Utley
581,Ruth Kightly
582,Adrian Struthers
583,Neall Eykel
584,Ainslee Horsburgh
585,Jacintha Torbett
586,Lazar Neenan
587,Mallory Rubinow
588,Filberto Glencrash
589,Sammy Strutton
590,Tabitha Carville
591,Ellery Lusk
592,Jaye Searl
593,Randy Chimienti
594,Flem Gorman
595,Wayland Rowlands
596,Skipton O'Mannion
597,Nobe Eastwood
598,Lemmy Fellnee
599,Alica Yelyashev
600,Rasia Lavrick
601,Godard Raithbie
602,Mag Truss
603,Bryant Eckly
604,Bertrand Timmins
605,Vilhelmina Dounbare
606,Grissel Tosspell
607,Homer McCready
608,Cal Woodcock
609,Alys Pogosian
610,Maris Ricciardello
611,Clement Gilli
612,Deane Attridge
613,Jonah Lavens
614,Rora Jardein
615,Elle Minguet
616,Troy Twinbrow
617,Noble Snyder
618,Odetta Puddan
619,Gwenni Gratland
620,Bennie Tucker
621,Cora Dower
622,Mord Beckenham
623,Shani Noriega
624,Sydelle Pabelik
625,Annie Hallet
626,Herve Soppit
627,Lilyan Hustler
628,Kliment Cranstone
629,Wyatt Bilbrey
630,Jennie Culpan
631,Bel Donnachie
632,Lynea Aurelius
633,Beryl Kissock
634,Sutherlan Beeching
635,Carena Whitton
636,Nerita Radeliffe
637,Lodovico Morrice
638,Clari Alfonsetto
639,Bird Jedrysik
640,Jerry Turford
641,Gale Donnel
642,Allison Howbrook
643,Humfrid Donati
644,Meade Castelletti
645,Cesare Axtonne
646,Rolf Weed
647,Corina Fickling
648,Annora Gaiger
649,Issiah Triggs
650,Ebenezer Axon
651,Dacey Dudliston
652,Nady Asty
653,Helenelizabeth Hehnke
654,Lyndel Maggiori
655,Christiana Luke
656,Libbi Ould
657,Evelin Succamore
658,Roderigo Stoodley
659,Ashlin Bougourd
660,Salomone Sinncock
661,Aguie De Domenicis
662,Jacquenette Goose
663,Stefania Wogden
664,Richmond Volleth
665,Kacy Trenaman
666,Gertrude Hefford
667,Huey Hollingshead
668,Eolanda Mughal
669,Vida Freegard
670,Jojo Kaubisch
671,Milicent Reeds
672,Sinclare Birt
673,Henderson Boarer
674,Magda Payle
675,Evyn Gorioli
676,Juline Vasilischev
677,Ralf Fagence
678,Chickie Dulen
679,Avril Pharo
680,Corbin Goddman
681,Jemmie Bonin
682,Retha Hauxby
683,Nickolas Glowacki
684,Nickolai Hark
685,Katherina Trevascus
686,Addie Jaksic
687,Victoria Quartley
688,Janos Winsper
689,Milena Tedstone
690,Gallard Westnage
691,Salomone Westfield
692,Marigold Navan
693,Karyl Duncan
694,Jerrine Hargie
695,Duky Hartzenberg
696,Emmey Palfery
697,Gwendolen Scouse
698,Golda Alben
699,Robinia Guiden
700,Viviana Barwood
701,Mommy Tebbs
702,Diandra Vidyapin
703,Padraig Eagers
704,Dilan Walton
705,Flossie Delf
706,Shana Purvis
707,Leslie Lanfare
708,Ebeneser Keyte
709,Carlye Lofthouse
710,Catlin Esgate
711,Sadye Croyser
712,Blithe McQuode
713,Gallard Crebbin
714,Alden Farens
715,Opaline Boorne
716,Bathsheba Heenan
717,Elmira Loudon
718,Lonnard Greenhall
719,Risa Hamshar
720,Kenon Vitall
721,Harrison Durkin
722,Jody Massinger
723,Johanna Longland
724,Patton Wicks
725,Bird Delia
726,Richart Betteson
727,Darbee Erickson
728,Salome Rissom
729,Bruno Petroff
730,Emmalynne Coutthart
731,Florian Iston
732,Merci Dron
733,Jean Farnorth
734,Janot Vasic
735,Lily Van den Velde
736,Deerdre Goodisson
737,Dorice Hollyar
738,Elga Ferreli
739,Micheline Pavlovsky
740,Shandee Kendrew
741,Betsey Brahan
742,Leda Frankton
743,Cherise Shufflebotham
744,Artair Catterson
745,Barn Merring
746,Lars Colles
747,Hillery Hanmore
748,Terri Ruprecht
749,Caz Lye
750,Salvador Camblin
751,Kaylyn Shoebottom
752,Dukey Suttle
753,Damita Sapshed
754,Durante Gibke
755,Esther Wharmby
756,Julienne Duxbarry
757,Jacklyn Reidie
758,Shaughn Moneypenny
759,Nell Cleere
760,Aaron Le Galle
761,Jasun Couper
762,Demetre Quincee
763,Shelbi Aleksidze
764,Deni Simunek
765,Alasteir Place
766,Dina Gierke
767,Kriste Lammie
768,Ynes Leppo
769,Jason Vina
770,Noelle Thebeaud
771,Darsey Cotherill
772,Heather Issatt
773,Rosette Baine
774,Patrizia Oldroyde
775,Jerri Sleightholme
776,Kerrie Hoodlass
777,Alexandra Dagger
778,Gerta Elgy
779,Olympie Bruhnicke
780,Marci Kilalea
781,Ileane Petrishchev
782,Diena Copperwaite
783,Patricio Twopenny
784,Way Fassbindler
785,Rochella Mucklo
786,Inger Schulkins
787,Thomas Moulson
788,Kally Bennit
789,Paulie Fussey
790,Irma Wigsell
791,Eugen Fatharly
792,Abra Brend
793,Cyndia Balcon
794,Thorn Robertsson
795,Arnaldo Dunnett
796,Eustacia Haukey
797,Annadiana Weatherburn
798,Kurtis Hugle
799,Skipton Bortoletti
800,Gerome Wormleighton
801,Timmie Robelet
802,Josi Mocker
803,Susy Moreman
804,Agnola Tresise
805,Pepita Gres
806,Illa Rival
807,Max Romao
808,Rory Malone
809,Fred Newgrosh
810,Alvinia Goodsall
811,Marylee Arnli
812,Sutherlan Ody
813,Loise Salthouse
814,Sigmund Pitrelli
815,Idelle Rootham
816,Daisie Moat
817,Debby O'Sherrin
818,Ellene Prinnett
819,Luciano McKeachie
820,Tremayne Mellhuish
821,Danika Knightsbridge
822,Reuven Halston
823,Guinevere Sture
824,Ardelle Cobbled
825,Essa Tomlins
826,Elmira O'Connel
827,Pepito Brooksbie
828,Alis D'Ambrogio
829,Ameline Dossantos
830,Shaine Feldstern
831,Camella Glitherow
832,Chryste Plowes
833,Dagny Kerfut
834,Sean Hollerin
835,Jorry Mariot
836,Pebrook Frill
837,Janka Smylie
838,Grove Cowmeadow
839,Holden Rayman
840,Melicent Courteney
841,Cris Darcy
842,Kore Gaskamp
843,Baudoin Fallis
844,Kat Sharpless
845,Even Soigoux
846,Nolly Karys
847,Marian Wraight
848,Raul Iggalden
849,Althea Hartshorne
850,Allyn McCrohon
851,Thain Fernanando
852,Kissee Blandamore
853,Merrill Batisse
854,Lia Mabbs
855,Marv Walley
856,Heath Diggar
857,Hale Colmer
858,Kermit Hazel
859,Giorgia Ryott
860,Hillier Perks
861,Jyoti Ride
862,Janel Magne
863,Magda Willisch
864,Meta Kembry
865,Ferdy Raisher
866,Loise Beaufoy
867,Leicester Baurerich
868,Glen Marzella
869,Claudio Rushworth
870,Aeriel Stonestreet
871,Lawton Reddel
872,Lillis Kopje
873,Kurt Gyrgorcewicx
874,Brandy Brian
875,Herbie Hayes
876,Violetta Webster
877,Far Sparway
878,Betteann Maggs
879,Kata Affleck
880,Annabela Sarchwell
881,Say Freear
882,Gibby Comello
883,Uriel Kale
884,Carri Willmer
885,Bette-ann Peat
886,Emilie Varfolomeev
887,Ingemar Biggs
888,Daryl Densell
889,Stanley Vance
890,Janie Lisle
891,Madelaine Batistelli
892,Adam Crighton
893,Beulah Redmile
894,Link Ayris
895,Ardine Seal
896,Filippo Goodge
897,Piotr Dubery
898,Ladonna Shoebrook
899,Madelle Juares
900,Marris Jakov
901,Adelle Mosconi
902,Ida Spain-Gower
903,Almira Rain
904,Felice Dabbes
905,Moore Meriott
906,Polly Cino
907,Ambros Sercombe
908,Dana Rozec
909,Micheil MacMarcuis
910,Chad Vidler
911,Jamil Ellershaw
912,Sebastian Iddenden
913,Becka Bawcock
914,Aldin Lepere
915,Terrel Celloni
916,Sharon Goomes
917,Annette Stritton
918,Jase Rigden
919,Madelin Claire
920,Melany Krzyzowski
921,Gregory Hainning
922,Barbie Posthill
923,Ward Pagan
924,Romonda Biggerdike
925,Lucina Renak
926,Rhetta Sinton
927,Lil Petrollo
928,Waiter Delacour
929,Kimmy Masedon
930,Edik Effaunt
931,Renee Wimbridge
932,Osborne Guslon
933,Sileas Godard
934,Fenelia Smelley
935,Meriel Selwyn
936,Maryjane Gilbard
937,Keven Baal
938,Hodge Trim
939,Jilly Blackly
940,Johna Caffrey
941,Pooh Behne
942,Petr Ivanusyev
943,Smitty Peirazzi
944,Gran Banat
945,Benoite Wallas
946,Miguel Noke
947,Teddi Woolmore
948,Peyter Warham
949,Chastity Halward
950,Sawyer Gilliat
951,Afton Sweetnam
952,Jephthah Franek
953,Jordanna Legion
954,Reuben Parkman
955,Rhonda Tingcomb
956,Tedie Martinek
957,Dallas Andriveaux
958,Carlyle Challicombe
959,Brantley Tatlow
960,Kristofer Scandrick
961,Yuma Koche
962,Sarene Rankling
963,Shane Jeandillou
964,Myra Pechan
965,Gussi Gyurko
966,Tilda Mitchelhill
967,Cobb Elliott
968,Pavia Crisall
969,Deanna Tooley
970,Leelah Stormes
971,Raimondo McLenaghan
972,Jacqui Maasz
973,Wendeline Slainey
974,Gabriela Cove
975,Hortensia Edland
976,Randie Heining
977,Zachariah Rissom
978,Nettle Cornehl
979,Vivyanne Lyte
980,Fawnia Beasleigh
981,Jade Zavittieri
982,Ingar Courtois
983,Pietro Reihill
984,Noak McGill
985,Erick Mawer
986,Taddeusz Louche
987,Lissi De Gogay
988,Marlena Enga
989,Dacia Grindle
990,Noel Scholte
991,Evey Ellingsworth
992,Cele Yter
993,Gipsy Vickerstaff
994,Cherise Alexandre
995,Nicky Keats
996,Kurtis Le Borgne
997,Nessa Danit
998,Cheslie Egginson
999,Filippa Rolin
1000,Tobey Simister
1001,Kore Ector
